#,Url,Total apps
1,https://googleads.g.doubleclick.net/mads/gma?_activity_context,86
2,http://play.google.com/store/apps/details%3Fid%3Dcom.ksmobile.launcher,20
3,https://googleads.g.doubleclick.net/mads/gma#caps,12
4,http://play.google.com/store/apps/details%3Fid%3Dcom.jiubang.go.music,12
5,https://play.google.com/store/apps/details?id,11
6,https://play.google.com/store/apps/details%3Fid%3Dcom.contextlogic.wish,9
7,http://play.google.com/store/apps/details?id,7
8,http://play.google.com/store/apps/details%3Fid%3Dcom.cmcm.live,4
9,file:///android_asset/www/index.html,4
10,http://play.google.com/store/apps/details%3Fid%3Dcom.flashlight.brightestflashlightpro,4
11,https://5878462.fls.doubleclick.net/activityi;src,4
12,https://googleads.g.doubleclick.net/mads/gma#_activity_context,3
13,https://cm.g.doubleclick.net/pixel?google_nid,3
14,https://www.lyft.com/drive-with-lyft?v,2
15,https://play.google.com/store/apps/details%3Fid%3Dcom.pic.photoeditor,2
16,https://auth.kakao.com/kakao_accounts/view/login,2
17,http://www.openstreetmap.org/copyright,2
18,http://www2.onit.com/l/22142/2014-03-17/56t6h,1
19,http://www.onit.com/?gclid,1
20,http://everydaytopics.com/articles/personal-finance/what-to-look-for-in-a-cellular-business-phone-service-3068?camp_id,1
21,https://5164101.fls.doubleclick.net/activityi%3Bsrc%3D5164101%3Btype%3Dacquis%3Bcat%3Daudib0%3Bu%3D0%3Bu3%3DANON%3Bu6%3Dacquisition%3Bu7%3D/freetrialmr3/t1.htm%3Bu8%3DGDNGBBN083116005W%3Bu9%3Dfalse%3Bu10%3Dt1_landing_page%3Bu11%3D2017-08-15%252019:56:23%3Bprd%3Di1:0%257Cp1:0%257Cq1:1%3Bnum%3D1502827042020%3F,1
22,http://m.findmymatches.com/?aff_id,1
23,https%3A%2F%2Fwww.mormon.org%2Ffree-book-of-mormon%3Fcid%3D77108283%26gclid%3DCKWLsq2d2tUCFZ2KswodiD0EQw,1
24,https://5164101.fls.doubleclick.net/activityi%3Bsrc%3D5164101%3Btype%3Dacquis%3Bcat%3Daudib0%3Bu%3D0%3Bu3%3DANON%3Bu6%3Dacquisition%3Bu7%3D/freetrialmr3/t1.htm%3Bu8%3DGDNGBBN083116005Y%3Bu9%3Dfalse%3Bu10%3Dt1_landing_page%3Bu11%3D2017-08-15%252017:32:15%3Bprd%3Di1:0%257Cp1:0%257Cq1:1%3Bnum%3D1502818344873%3F,1
25,https://5164101.fls.doubleclick.net/activityi%3Bsrc%3D5164101%3Btype%3Dacquis%3Bcat%3Daudib0%3Bu%3D0%3Bu3%3DANON%3Bu6%3Dacquisition%3Bu7%3D/freetrialmr3/t1.htm%3Bu8%3DGDNGBBN083116005Y%3Bu9%3Dfalse%3Bu10%3Dt1_landing_page%3Bu11%3D2017-08-15%252018:13:23%3Bprd%3Di1:0%257Cp1:0%257Cq1:1%3Bnum%3D1502820809670%3F,1
26,http://www.radyoislam.com/,1
27,http://www.radyoislam.com/anasayfa.php,1
28,https://www.spotify.com/signup/?forward_url,1
29,http://cellbeat.com/,1
30,https://www.mormon.org/free-book-of-mormon?cid,1
31,https://t23.intelliad.de/index.php?redirect,1
32,http://nucific.com/3harmfulfoods/m-videoa.php?utm_expid,1
33,https://www.andromo.com/?utm_source,1
34,http://www.esri.com/,1
35,http://myreferencetools.com/the-cloud-and-security/?affId,1
36,https://s3-eu-west-1.amazonaws.com/editor.production.pressmatrix.com/emags/81203/pages/000/006/435/474/images/device/ca0c3d22b31cc23475a4.jpg,1
37,https://s3-eu-west-1.amazonaws.com/editor.production.pressmatrix.com/emags/81203/pages/000/006/435/504/images/device/021b69f2fd12e23510ac.jpg,1
38,https://s3-eu-west-1.amazonaws.com/editor.production.pressmatrix.com/emags/81203/pages/000/006/435/433/images/device/de4b9951a546d82a3f62.jpg,1
39,https://s3-eu-west-1.amazonaws.com/editor.production.pressmatrix.com/emags/81203/pages/000/006/435/494/images/device/a0d7487c9ad708890441.jpg,1
40,https://s3-eu-west-1.amazonaws.com/editor.production.pressmatrix.com/emags/81203/pages/000/006/435/442/images/device/e7afb9244bdf6bfcd1c6.jpg,1
41,https://s3-eu-west-1.amazonaws.com/editor.production.pressmatrix.com/emags/81203/pages/000/006/435/436/images/device/f672768e81bb4104ef76.jpg,1
42,https://s3-eu-west-1.amazonaws.com/editor.production.pressmatrix.com/emags/81203/pages/000/006/435/509/images/device/736745d9ef03f80d271c.jpg,1
43,https://s3-eu-west-1.amazonaws.com/editor.production.pressmatrix.com/emags/81203/pages/000/006/435/475/images/device/f36f4d4ed4b06330c9a7.jpg,1
44,https://www.autodesk.com/campaigns/design-now?mktvar002,1
45,https://www.universalclass.com/i/subjects/computers/ms-applications.htm?gclid,1
46,https://www.universalclass.com/i/course/learn-excel-2016.htm?gclid,1
47,https://www.universalclass.com/i/subjects/computers/ms-applications.htm%3Fgclid%3DEAIaIQobChMIwtyul%252DXZ1QIViw%252DGCh05dwLyEAEYASAAEgICsPD%255FBwE,1
48,https://www.universalclass.com/i/course/learn-excel-2016.htm%3Fgclid%3DCLW8hbzl2dUCFdONswod6ccMhA,1
49,https://5164101.fls.doubleclick.net/activityi;src,1
50,https://5164101.fls.doubleclick.net/activityi%3Bsrc%3D5164101%3Btype%3Dacquis%3Bcat%3Daudib0%3Bu%3D0%3Bu3%3DANON%3Bu6%3Dacquisition%3Bu7%3D/freetrialmr3/t1.htm%3Bu8%3DGDNGBBN083116005Z%3Bu9%3Dfalse%3Bu10%3Dt1_landing_page%3Bu11%3D2017-08-15%252018:08:44%3Bprd%3Di1:0%257Cp1:0%257Cq1:1%3Bnum%3D1502820559195%3F,1
51,https%3A%2F%2Fwww.autodesk.com%2Fcampaigns%2Fdesign-now%3Fmktvar002%3D702993%26displ%3D1%26dclid%3DCOaVo9Sb2tUCFZBGDAod_qAO_Q,1
52,https://5164101.fls.doubleclick.net/activityi%3Bsrc%3D5164101%3Btype%3Dacquis%3Bcat%3Daudib0%3Bu%3D0%3Bu3%3DANON%3Bu6%3Dacquisition%3Bu7%3D/freetrial4/t1.htm%3Bu8%3DGDNGBBN0720160023%3Bu9%3Dfalse%3Bu10%3Dt1_landing_page%3Bu11%3D2017-08-15%252016:17:44%3Bprd%3Di1:0%257Cp1:0%257Cq1:1%3Bnum%3D1502813892096%3F,1
53,http://www.clinicalseek.com/?xid,1
54,https://www.autodesk.com/products/fusion-360/students-teachers-educators?td,1
55,https%3A%2F%2Fwww.autodesk.com%2Fproducts%2Ffusion-360%2Fstudents-teachers-educators%3Ftd%3Daexfusion%26mktvar002%3D680279%26utm_medium%3Dbanner%26utm_campaign%3Damer-edu-aex-fusion-360-activations-fy17%26utm_id%3D680279%26dclid%3DCIyJoIvo2dUCFQVaDAodwqEMCA,1
56,/bp/le%20petit%20marseillais,1
57,http://www.crowdcompass.com/resources/the-definitive-guide-to-selecting-mobile-event-app.shtml%3Fcid%3D701o0000000pl5YAAQ%26gclid%3DCLuC9ceC2tUCFRGBswodFYgM1A,1
58,http://hello.crowdcompass.com/the-definitive-guide-to-selecting-mobile-event-app.html,1
59,http://www.crowdcompass.com/resources/the-definitive-guide-to-selecting-mobile-event-app.shtml?cid,1
60,https://www.jtv.com/jewelry?src,1
61,https%3A%2F%2Fwww.jtv.com%2Fjewelry%3Fsrc%3DDMP10OFF49%26mcid%3DXMP0000167,1
62,https%3A//www.jtv.com/jewelry%3Fsrc%3DDMP10OFF49%26mcid%3DXMP0000167,1
63,https://5164101.fls.doubleclick.net/activityi%3Bsrc%3D5164101%3Btype%3Dacquis%3Bcat%3Daudib0%3Bu%3D0%3Bu3%3DANON%3Bu6%3Dacquisition%3Bu7%3D/freetrial4/t1.htm%3Bu8%3DGDNGBBN0720160023%3Bu9%3Dfalse%3Bu10%3Dt1_landing_page%3Bu11%3D2017-08-15%252022:57:21%3Bprd%3Di1:0%257Cp1:0%257Cq1:1%3Bnum%3D1502837860457%3F,1
64,https://policies.yahoo.com/us/en/yahoo/privacy/index.htm,1
65,m.nain.co.kr/?looketapps,1
66,m.nain.co.kr/board/?db,1
67,m.nain.co.kr/shop/click_prd.php?looketapps,1
68,m.nain.co.kr/content/content.php?cont,1
69,https://www.ouedkniss.com/fr/application/index.php?v,1
70,http://www.redflagdeals.com/in/toronto/flyers/stores/kitchen-stuff-plus/,1
71,https://www.ovs.it/on/demandware.store/Sites-ovs-italy-Site/,1
72,https%3A%2F%2Fjiji.ng%2F%3Futm_source%3Dandroid.app,1
73,http://bonus2you.net/#contact,1
74,http:;SL;SLmitem.gmarket.co.kr;SLItem;QUgoodsCode,1
75,/1/gr?url,1
76,https://dsum-sec.casalemedia.com/rum?cm_dsp_id,1
77,http://lh6.ggpht.com/AgvW5cWcbDltDGQ44PfJuO2UFdOHgzXwi9qWQEIB4KkdgaXpyfK3l9gMEyHcsqOvH2A,1
78,http://lh3.googleusercontent.com/7uRfJe2KkpKxZuMvY4OjhIq-TJrMeHgWYQt0H7LHZl4WNDAYjI6FFrLSsLhj2g8cqKr5,1
79,http://la-philosophie.com/,1
80,https://www.vivint.com/ppc/brand?utm_medium,1
81,https://upload.wikimedia.org/wikipedia/commons/thumb/e/e2/Dhakarushhour_%2854%29.JPG/720px-Dhakarushhour_%2854%29.JPG,1
82,https://www.rxbar.com/rxbarnew/1100?utm_source,1
83,http://www.appmk.com/,1
84,http://www.suboxone.com/treatment-plan/find-a-doctor,1
85,https://fortifyprogram.org/pricing,1
86,https://fortifyprogram.org/account/forgot,1
87,http://www.egitimedair.net/,1
88,http://www.egitimedair.net/87-genel-k%C3%BClt%C3%BCr/398-genel-kultur-sorulari-5,1
89,http://drmoku.com/,1
90,tasariegitim.com/,1
91,http://analytics.liftoff.io/v1/campaign_click?channel,1
92,http://ccss.play.king.com/click?type,1
93,http://www.baibai.com.tw/SaveMoney/index.htm,1
94,http://coupon.baibai.com.tw/Coupon.asp?store,1
95,m.smartchoice.or.kr/smc/smartguide/recomend_search03.do?type,1
96,https://goodmenproject.com/guy-talk/how-to-lose-the-clean-shaven-look-and-get-a-manly-beard-today-wcz/,1
97,http://www.avmbiomed.com/?st-t,1
98,http%3A%2F%2Fwww.avmbiomed.com%2F%3Fst-t%3Dadwords%26vt-k%3D%26vt-mt%3D%26vt-ap%3Dnone%26gclid%3DCOXdycGo29UCFU-BswodJ1cFlw,1
99,http://www.angelreturn.com/mobile/pages/mIndex.xhtml?lang,1
100,https://qlinkwireless.com/register/?B,1
101,https%3A%2F%2Fqlinkwireless.com%2Fregister%2F%3FB%3D18%26A%3D18%26SubAffiliateID%3D306206295%26kw%3D%26mt%3D%26ca%3D306206295%26ag%3D21968587815%26ad%3D210006068599%26de%3Dm%26dm%3Dgoogle%252bnexus%252b5%26po%3Dnone%26lo%3D9005925%26lp%3Dhttp%253a%252f%252fwww.qlinkwireless.com%252fregister%26gclid%3DCOfx04u429UCFcxKDQodgZcG6w,1
102,3.android.com.digitalpalette.emojistudio.adsenseformobileapps.com,1
103,http://mission.wootalk.today/?m,1
104,http%3A%2F%2Fprecisiontaxrelief.com%2Fmp2%2FIRSTaxHelp%3Fibp-adgroup%3Dppc-disp-l%26ibp-matchtype%3D%26ibp-keyword%3D%26cid%3D639764780%26agid%3D48687663561%26device%3Dm%26placement%3Dmobileapp%253A%253A2-bluecap.imagez.best_hindi_status_2016%26creative%3D211932102455%26target%3Drunofnetwork%253A%253A100%26adposition%3Dnone%26gclid%3DCLmf1c6N3NUCFViHswod2wgLWQ,1
105,http://precisiontaxrelief.com/mp2/IRSTaxHelp?ibp-adgroup,1
106,https://billygraham.org/secure/i-am-a-christian-sign-up-page/?SOURCE,1
107,http://www.majortests.com/gre/wordlist.php,1
108,http://www.majortests.com/gre/,1
109,majortests.com,1
110,http://instrumentationtools.com/plc-digital-input-and-output-modules/,1
111,file:///android_asset/www/index.html#page2,1
112,https://www.edmunds.com/sedan/?utm_medium,1
113,http://socialpick.net/saving-money-with-coupons-5-top-tips,1
114,http://lampalampa.net/,1
115,http://info.logitech.com/Microsoft-SFB-en-us.html?,1
116,http%3A%2F%2Finfo.logitech.com%2FMicrosoft-SFB-en-us.html%3F%26utm_source%3Dgoogle%26utm_medium%3Dcpc%26utm_campaign%3DGoogle%2BGDN%2B%257C%2BPartner%2B%257C%2BUS%2B%257C%2BRemarketing%26utm_group%3D%26keyword%3D%26network%3Dd%26mkwid%3DcBahQ6c5N_dm%26pcrid%3D208256335876%26pkw%3D%26pmt%3D%26utm_term%3D%26utm_content%3DcBahQ6c5N_pcrid_208256335876_pkw__pmt__pdv_m%26gclid%3DCK7zuf-329UCFc-Kswod_vUNRA,1
117,http%3A%2F%2Finfo.logitech.com%2FMicrosoft-SFB-en-us.html%3F%26utm_source%3Dgoogle%26utm_medium%3Dcpc%26utm_campaign%3DGoogle%2BGDN%2B%257C%2BPartner%2B%257C%2BUS%2B%257C%2BRemarketing%26utm_group%3D%26keyword%3D%26network%3Dd%26mkwid%3DcBahQ6c5N_dm%26pcrid%3D208256335876%26pkw%3D%26pmt%3D%26utm_term%3D%26utm_content%3DcBahQ6c5N_pcrid_208256335876_pkw__pmt__pdv_m%26gclid%3DCKbKx4S429UCFRNWDQodWa8CqA,1
118,http://www.gtrecovery.net/,1
119,http://www.startappexchange.com/1.3/gethtmlad?publisherId,1
120,http://support.apowersoft.com/api/client,1
121,http://jushelp.me/trk/org_app_globalpost.php,1
122,http://app-push.appcloudcdn.com/app/idays_android/device_token,1
123,https%3A%2F%2Fwww.autodesk.com%2Fcampaigns%2Fdesign-now%3Fmktvar002%3D702993%26displ%3D1%26dclid%3DCMGy4pTJ2tUCFUFDDAodepwG4w,1
124,http://partner.nobexradio.com/ShareLand.aspx?customid,1
125,http://www.cmo.com/cmo-newsletter.html?cid,1
126,https://www.rxbar.com/rxbarnew/1101?utm_source,1
127,https%3A%2F%2Fwww.autodesk.com%2Fproducts%2Ffusion-360%2Fstudents-teachers-educators%3Ftd%3Daexfusion%26mktvar002%3D680279%26utm_medium%3Dbanner%26utm_campaign%3Damer-edu-aex-fusion-360-activations-fy17%26utm_id%3D680279%26dclid%3DCJj6i-jB3NUCFQcGDAodMVUNrQ,1
128,http://www.westinghousearts.org/,1
129,https://s3-eu-west-1.amazonaws.com/editor.production.pressmatrix.com/publications/promotions/000/000/001/270/banner_phones/device/GTV24_1242x900px.png?1449492472,1
130,https://s3-eu-west-1.amazonaws.com/editor.production.pressmatrix.com/publications/promotions/000/000/001/339/banner_phones/device/xbg-aboslider-1242x900px.png?1450444782,1
131,https://s3-eu-west-1.amazonaws.com/editor.production.pressmatrix.com/publications/promotions/000/000/001/340/banner_phones/device/n-zone-aboslider-1242x900px.png?1450444904,1
132,https://s3-eu-west-1.amazonaws.com/editor.production.pressmatrix.com/emags/59697/pages/000/004/952/397/images/device/14ca915b7086da5bc398.jpg,1
133,https://s3-eu-west-1.amazonaws.com/editor.production.pressmatrix.com/publications/promotions/000/000/001/338/banner_phones/device/buffed-aboslider-1242x900px.png?1450444678,1
134,https://s3-eu-west-1.amazonaws.com/editor.production.pressmatrix.com/emags/59697/pages/000/004/952/394/images/device/00c1dfd24e6fe3784c57.jpg,1
135,https://s3-eu-west-1.amazonaws.com/editor.production.pressmatrix.com/emags/63368/pages/000/005/220/616/images/device/8bfd3f7650db7ea9069c.jpg,1
136,https://s3-eu-west-1.amazonaws.com/editor.production.pressmatrix.com/emags/59697/pages/000/004/952/383/images/device/85ff11e3f0a2f134c18b.jpg,1
137,https://s3-eu-west-1.amazonaws.com/editor.production.pressmatrix.com/emags/59697/pages/000/004/952/390/images/device/7d0ca531fa7a0bd875b2.jpg,1
138,https://s3-eu-west-1.amazonaws.com/editor.production.pressmatrix.com/emags/59697/pages/000/004/952/416/images/device/b3a4b8c3135ba4597bcb.jpg,1
139,https://s3-eu-west-1.amazonaws.com/editor.production.pressmatrix.com/emags/63368/pages/000/005/220/615/images/device/e4f7605949997990d34c.jpg,1
140,https://s3-eu-west-1.amazonaws.com/editor.production.pressmatrix.com/emags/63368/pages/000/005/220/634/images/device/9efb3b24b3eaaac4523f.jpg,1
141,https://s3-eu-west-1.amazonaws.com/editor.production.pressmatrix.com/publications/promotions/000/000/001/341/banner_phones/device/sft-aboslider-1242x900px.png?1450445005,1
142,https://s3-eu-west-1.amazonaws.com/editor.production.pressmatrix.com/emags/80602/pages/000/006/393/594/images/device/26cebfac2c4d4b6da16f.jpg,1
143,https://s3-eu-west-1.amazonaws.com/editor.production.pressmatrix.com/emags/59697/pages/000/004/952/419/images/device/4e9989d7df51098285b8.jpg,1
144,https://s3-eu-west-1.amazonaws.com/editor.production.pressmatrix.com/emags/63368/pages/000/005/220/610/images/device/fad3a27a8c07c6000cec.jpg,1
145,https://s3-eu-west-1.amazonaws.com/editor.production.pressmatrix.com/emags/63368/pages/000/005/220/745/images/device/20e0dc4673ee50cc4367.jpg,1
146,https://s3-eu-west-1.amazonaws.com/editor.production.pressmatrix.com/publications/promotions/000/000/001/342/banner_phones/device/widescreen-aboslider-1242x900px.png?1450445062,1
147,https://s3-eu-west-1.amazonaws.com/editor.production.pressmatrix.com/emags/63368/pages/000/005/220/621/images/device/cecb2942ba04fcb2c3fc.jpg,1
148,https://s3-eu-west-1.amazonaws.com/editor.production.pressmatrix.com/emags/63368/pages/000/005/220/749/images/device/f28feeeab47cbbc807d3.jpg,1
149,https://s3-eu-west-1.amazonaws.com/editor.production.pressmatrix.com/emags/80602/pages/000/006/393/563/images/device/178c87b849ecd9c50b0f.jpg,1
150,https://s3-eu-west-1.amazonaws.com/editor.production.pressmatrix.com/emags/63368/pages/000/005/220/658/images/device/24276b78c5d45b9031a5.jpg,1
151,https://s3-eu-west-1.amazonaws.com/editor.production.pressmatrix.com/emags/80602/pages/000/006/393/561/images/device/6f8425b13deb87b97da6.jpg,1
152,https://s3-eu-west-1.amazonaws.com/editor.production.pressmatrix.com/emags/80602/pages/000/006/393/557/images/device/65bdfe10dcf43df6c2d2.jpg,1
153,https://s3-eu-west-1.amazonaws.com/editor.production.pressmatrix.com/emags/80602/pages/000/006/393/704/images/device/7f448c8a7bd125af07db.jpg,1
154,http://myreferencetools.com/pros-cons-online-business-school/?affid,1
155,http://www.sarkarijobs4u.com/national-fertilizers-limited-recruitment-for-management-trainees-mt-vacancy/?utm_source,1
156,http://www.sarkarijobs4u.com/kgmu-lucknow-king-georges-medical-university-recruitment-for-senior-research-assistant-vacancy/,1
157,http://www.fakt.pl/wydarzenia/polska/tanie-ubezpieczenie-mieszkania-wojna-cenowa-ubezpieczycieli/dzlrpsh,1
158,http://m.dongascience.donga.com/?status,1
159,http://normanno.com/eventi/capo-peloro-fest-2017-evento-no-profit-territorio-messinesi/,1
160,http://m.dinakaran.com/,1
161,http://m.huffpost.com/,1
162,http://m.huffpost.com/us/entry/us_5995bcd4e4b0d0d2cc851561?ncid,1
163,http%3A%2F%2Fwww.lankasri.com%2F,1
164,http://www.lankasri.com/,1
165,http://www.tamilwin.com/,1
166,http%3A%2F%2Fwww.birgun.net%2F,1
167,http://www.birgun.net/,1
168,http://www.desipearl.com/tracker/623452/206/www.kannadadunia.com/3/17/,1
169,http://www.desipearl.com/tracker/624897/206/www.kannadadunia.com/4/73/,1
170,http://www.desipearl.com/tracker/625714/206/www.kannadadunia.com/1/73/,1
171,http://www.desipearl.com/tracker/621750/206/www.kannadadunia.com/6/73/,1
172,http://bdfrm.bidvertiser.com/BidVertiser.dbm?pid,1
173,http://www.superdeporte.es/valencia/2017/08/18/lim-llega-valencia-ano-despues/345233.html,1
174,https://revcontent-p0.s3.amazonaws.com/content/images/1497452124.jpeg,1
175,https://revcontent-p0.s3.amazonaws.com/content/images/1502821732.jpg,1
176,https://revcontent-p0.s3.amazonaws.com/content/images/1501096297.jpg,1
177,https://revcontent-p0.s3.amazonaws.com/content/images/1492111870.jpg,1
178,https://revcontent-p0.s3.amazonaws.com/content/images/1502376732.jpg,1
179,https://revcontent-p0.s3.amazonaws.com/content/images/1500325395.jpg,1
180,https://revcontent-p0.s3.amazonaws.com/content/images/1502376558.jpg,1
181,https://revcontent-p0.s3.amazonaws.com/content/images/1502376674.jpg,1
182,https://revcontent-p0.s3.amazonaws.com/content/images/1502816491.jpg,1
183,https://revcontent-p0.s3.amazonaws.com/content/images/1501094791.jpg,1
184,https://upload.wikimedia.org/wikipedia/commons/b/b4/Lucknow_places.jpg,1
185,https://app.appsflyer.com/com.abtnprojects.ambatana?pid,1
186,https://www.engvid.com/basic-english-grammar-parts-of-speech/,1
187,https://www.emirates.com/us/english/book/featured-fares/?utm_id,1
188,https%3A%2F%2Fwww.emirates.com%2Fus%2Fenglish%2Fbook%2Ffeatured-fares%2F%3Futm_id%3Ddck%7C4328593%7C20218891%7C3680589%7C203516071%7C92035394%7CCAESEJcJtlW6BsSfdC1-7juOa98%26utm_source%3DN5716.2420122DRAWBRIDGE_HMAE_57%26utm_campaign%3Dathens%26utm_medium%3Ddisplay_tacticalawareness%26utm_content%3DUS%26dclid%3DCIazqJrc3tUCFRRADAodGe0DQw,1
189,http://sssoftware.co.kr/rb/p/moreapp,1
190,http://track.mobileapp.daum.net/,1
191,http://brunch.m.app/splash/and_normal,1
192,http://brunch.m.app/,1
193,http://brunch.m.app/search_all/search_page,1
194,http://brunch.m.app/home/sidebar,1
195,http://brunch.m.app/settings/settings_page,1
196,https://brunch.co.kr/policy/oppolicy,1
197,https://brunch.co.kr/policy/privacy,1
198,https://brunch.co.kr/policy/terms,1
199,https://5164101.fls.doubleclick.net/activityi%3Bsrc%3D5164101%3Btype%3Dacquis%3Bcat%3Daudib0%3Bu%3D0%3Bu3%3DANON%3Bu6%3Dacquisition%3Bu7%3D/freetrialmr3/t1.htm%3Bu8%3DGDNGBBN083116005Z%3Bu9%3Dfalse%3Bu10%3Dt1_landing_page%3Bu11%3D2017-08-17%252018:59:53%3Bprd%3Di1:0%257Cp1:0%257Cq1:1%3Bnum%3D1502996407603%3F,1
200,http://healthliving.today/physical-health/causes-of-back-pain/?utm_subsource,1
201,http://www.concordialm.org/home-community-services/concordia-visiting-nurses?service,1
202,https%3A%2F%2Fwww.mormon.org%2Fbeliefs%2Fjesus-christ%3Fcid%3D77108286%26gclid%3DCO-0_5-94dUCFcmLswodUw4DpA,1
203,https%3A%2F%2Fwww.mormon.org%2Fbeliefs%2Fjesus-christ%3Fcid%3D77108286%26gclid%3DCKeztKS94dUCFYSEswodhfQN-g,1
204,https://www.mormon.org/beliefs/jesus-christ?cid,1
205,http://www.qgoutlet.com/,1
206,https://www.autodesk.com/company/legal-notices-trademarks/terms-of-service-autodesk360-web-services,1
207,http://www.bigtexapps.com/,1
208,2.android.com.bhmedia.chinesecalendar2016.adsenseformobileapps.com,1
209,5.android.com.bhmedia.hoangdao.adsenseformobileapps.com,1
210,https://pubads.g.doubleclick.net/gampad/ads#_activity_context,1
211,https://5164101.fls.doubleclick.net/activityi%3Bsrc%3D5164101%3Btype%3Dacquis%3Bcat%3Daudib0%3Bu%3D0%3Bu3%3DANON%3Bu6%3Dacquisition%3Bu7%3D/freetrialmr3/t1.htm%3Bu8%3DGDNGBBN083116005Z%3Bu9%3Dfalse%3Bu10%3Dt1_landing_page%3Bu11%3D2017-08-17%252021:07:38%3Bprd%3Di1:0%257Cp1:0%257Cq1:1%3Bnum%3D1503004074012%3F,1
212,https://5164101.fls.doubleclick.net/activityi%3Bsrc%3D5164101%3Btype%3Dacquis%3Bcat%3Daudib0%3Bu%3D0%3Bu3%3DANON%3Bu6%3Dacquisition%3Bu7%3D/freetrialmr3/t1.htm%3Bu8%3DGDNGBBN083116005Z%3Bu9%3Dfalse%3Bu10%3Dt1_landing_page%3Bu11%3D2017-08-17%252021:07:46%3Bprd%3Di1:0%257Cp1:0%257Cq1:1%3Bnum%3D1503004075944%3F,1
213,https://www.directconnectauto.com/?leadtype,1
214,https%3A%2F%2Fwww.directconnectauto.com%2F%3Fleadtype%3Dadwords%26campaign%3D%26gclid%3DCPS-_K-b39UCFdOFswodVusObA,1
215,http://www.bestmobilemanager.com/,1
216,https://www.wondershare.com/mobilego/mobilego-app.html,1
217,http://info.sendwordnow.com/the-most-trusted-worldwide-provider-of-emergency-notification-and-mass-notification-services?ads_cmpid,1
218,http%3A%2F%2Finfo.sendwordnow.com%2Fthe-most-trusted-worldwide-provider-of-emergency-notification-and-mass-notification-services%3Fads_cmpid%3D675458813%26ads_adid%3D34807684952%26ads_network%3Dd%26utm_term%3D%252Bmass%2520%252Bnotification%26utm_source%3Dgoogle%26utm_medium%3Dcpc%26utm_campaign%3DDisplay%2520-%2520Focus%253A%2520Mass%26gclid%3DCNX-5cPL39UCFZ2IswodN8YAuw,1
219,http://blog.whenair.com/?p,1
220,http://www.laurelhighlands.org/outdoors/?utm_source,1
221,http://laurelhighlands.org/outdoors/,1
222,http://image.pennlive.com/home/penn-media/width620/img/life/photo/23032574-standard.jpg,1
223,http://www.laurelhighlands.org/things-to-do/arts-culture/frank-lloyd-wright/?utm_source,1
224,http://laurelhighlands.org/things-to-do/arts-culture/frank-lloyd-wright/,1
225,http://selfishop.ru/list.html?lng,1
226,http://campaigns.ryder.com/UsedFinancing?utm_source,1
227,http%3A%2F%2Fcampaigns.ryder.com%2FUsedFinancing%3Futm_source%3Dgoogle%26utm_medium%3Dcpc%26utm_content%3DSmart%26utm_campaign%3DUSED_SmartDisplay%26gclid%3DCKym0PWZ4dUCFUOBswodiBIK1A,1
228,http%3A%2F%2Fcampaigns.ryder.com%2FUsedFinancing%3Futm_source%3Dgoogle%26utm_medium%3Dcpc%26utm_content%3DSmart%26utm_campaign%3DUSED_SmartDisplay%26gclid%3DCNqWn_2Z4dUCFYSFswodg54Mhw,1
229,https://www.mormon.org/beliefs/the-family?cid,1
230,https%3A%2F%2Fwww.mormon.org%2Fbeliefs%2Fthe-family%3Fcid%3D77108284%26gclid%3DCNemvray4dUCFcmIswod968C7g,1
231,https%3A%2F%2Fwww.mormon.org%2Fbeliefs%2Fthe-family%3Fcid%3D77108284%26gclid%3DCO6Yyb-y4dUCFdGPswodOTYEWg,1
232,/1x1,1
233,https://play.google.com/store/apps/details%3Fid%3Dcom.pic.mycamera,1
234,https://help.yahoo.com/kb/account,1
235,https://www.walmart.com/ip/Quaker-Chewy-Chocolate-Chip-Granola-Bars-12-Count-0-84-oz-Bars/42351905?cstrackid,1
236,http://www.laurelhighlands.org/things-to-do/events/farmers-markets/?utm_source,1
237,http://laurelhighlands.org/things-to-do/events/farmers-markets/,1
238,https://335185.measurementapi.com/serve?action,1
239,http://api.apptap.com/link/buy/android/com.mentormate.android.inboxdollars/e1?clinkID,1
240,http://www.laurelhighlands.org/things-to-do/family-fun/?utm_source,1
241,http://laurelhighlands.org/things-to-do/family-fun/,1
242,http://greatoptions.org/blog/entry/top-5-online-naturopathy-degree-programs?rgid,1
243,http%3A%2F%2Fwww.bbc.com%2Fnews%2Fuk-politics-41000435,1
244,http://www.bbc.com/news/uk-politics-41000435,1
245,http://tpc.googlesyndication.com/safeframe/1-0-10/html/container.html,1
246,http%3A%2F%2Fwww.apparelnbags.com%2Fnext-level%2F3712-the-princess-cvc-t-shirt.htm%3Fcolorid%3D76242%26sizeid%3D432667%26utm_source%3Dgoogle%26utm_medium%3Dgoogle_shopping%26utm_campaign%3Dgoogle_products%26gclid%3DCLCxqI_I6tUCFcaLswod1PEPPQ,1
247,http://www.apparelnbags.com/next-level/3712-the-princess-cvc-t-shirt.htm?colorid,1
248,http://m.news9.com/story.aspx?story,1
249,2.android.com.jagran.naidunia.adsenseformobileapps.com,1
250,https://soundcloud.com/984capitalfm/linkin-park-chester-bennington-tribute_legends-kampala-live-mix-26072017,1
251,https://soundcloud.com/984capitalfm/nickelback-mix-the-rock-doktor-dj-tumz,1
252,https://soundcloud.com/984capitalfm/rock-patrol-132/s-TyB2B,1
253,https://soundcloud.com/984capitalfm/fahrenheit-live-mix_15052017,1
254,https://soundcloud.com/984capitalfm/lpd-2032016_live-mix/s-RMxSf,1
255,https://www.universalclass.com/i/course/esl-grammar-skill-course-bundle.htm%3Fgclid%3DCJbx6_Sx6dUCFZ2KswodwfUCUQ,1
256,https://www.universalclass.com/i/course/esl-grammar-skill-course-bundle.htm%3Fgclid%3DCPSM4Yay6dUCFcKLswodDVcNwg,1
257,https://www.universalclass.com/i/course/esl-grammar-skill-course-bundle.htm%3Fgclid%3DCNybs4qy6dUCFZGNswodH78CRA,1
258,https://www.universalclass.com/i/course/esl-grammar-skill-course-bundle.htm%3Fgclid%3DCNvCko-y6dUCFc-LswodOzYMyw,1
259,https://www.universalclass.com/i/course/esl-grammar-skill-course-bundle.htm%3Fgclid%3DCKTP6ZKy6dUCFZGCswodMEwCAA,1
260,https://www.universalclass.com/i/course/esl-grammar-skill-course-bundle.htm%3Fgclid%3DCP394Zey6dUCFcKPswodtwcEpQ,1
261,https://www.universalclass.com/i/course/esl-grammar-skill-course-bundle.htm%3Fgclid%3DCMqg6q6y6dUCFcKPswodtwcEpQ,1
262,wealthyretirement.com/research/dividend-income-machine/?code,1
263,http://times.hinet.net/mobile/news/20410062,1
264,http://original.livestream.com/televisioncarmona,1
265,http://rtb-csync.smartadserver.com/redir/?partnerid,1
266,citiesworld.wixsite.com/cityworld,1
267,http://www.upaep.mx/,1
268,http%3A%2F%2Fm.lottedfs.com%2Fhandler%2Fevent%2F2017%2FEventRepurchaseKingPart2-Start%3Fcategoryid%3D20012000080000800012%26CHANNEL_CD%3D305630%26utm_source%3DSyrupAD_M%26utm_medium%3Dbanner%26utm_campaign%3DSyrupAD_M_CPC%26utm_content%3D8%25EC%259B%2594_%25EC%259E%25AC%25EA%25B5%25AC%25EB%25A7%25A4%25EC%2599%2595,1
269,http://m.lottedfs.com/handler/event/2017/EventRepurchaseKingPart2-Start?categoryid,1
270,https://www.bestbuy.com/site/clp/tv-sale-page/pcmcat359600050007.c?id,1
271,https://www.yourcareeverywhere.com/content/medhost/your-care-everywhere/article.html?,1
272,talkintact.com/,1
273,talkintact.com,1
274,http://jhrun.tistory.com/,1
275,https://upload.wikimedia.org/wikipedia/commons/1/1b/Jaipur_Montage.png,1
276,https://upload.wikimedia.org/wikipedia/commons/f/f1/Laxmangarh_Fort%2C_Rajasthan.jpg,1
277,http://healthcare.lc/feed/,1
278,https://auctionnation.com/locations/pittsburgh/?gclid,1
279,http://secondlisting.com/home/feed/,1
280,http://www.laurelhighlands.org/outdoors/water-sports/?utm_source,1
281,http://laurelhighlands.org/outdoors/water-sports/,1
282,https://www.tones7.com/?gclid,1
283,https%3A%2F%2Fwww.tones7.com%2F%3Fgclid%3DCLCC8qeo7tUCFcKLswodb-MBUA,1
284,https%3A%2F%2Fwww.tones7.com%2F%3Fgclid%3DCMKHq9So7tUCFdeNswodlNsDKg,1
285,https%3A%2F%2Fwww.autodesk.com%2Fcampaigns%2Fdesign-now%3Fmktvar002%3D702993%26displ%3D1%26dclid%3DCK_Zjsmv7tUCFYhENwodWjEFXw,1
286,https%3A%2F%2Fwww.autodesk.com%2Fproducts%2Ffusion-360%2Fstudents-teachers-educators%3Ftd%3Daexfusion%26mktvar002%3D680279%26utm_medium%3Dbanner%26utm_campaign%3Damer-edu-aex-fusion-360-activations-fy17%26utm_id%3D680279%26dclid%3DCPHZ1_qv7tUCFdgFNwodjfwDZw,1
287,http://nucific.com/3harmfulfoods/m-video.php?utm_expid,1
288,http://nucific.com/3harmfulfoods/m-video.php%3Futm_expid%3D101999475-13.MiyKY2umRpCrc9w9wzE17w.0,1
289,https://5164101.fls.doubleclick.net/activityi%3Bsrc%3D5164101%3Btype%3Dacquis%3Bcat%3Daudib0%3Bu%3D0%3Bu3%3DANON%3Bu6%3Dacquisition%3Bu7%3D/scifi-fantasy/t1.htm%3Bu8%3DGDNGBBN083116005R%3Bu9%3Dfalse%3Bu10%3Dt1_landing_page%3Bu11%3D2017-08-24%252001:08:32%3Bprd%3Di1:0%257Cp1:0%257Cq1:1%3Bnum%3D1503536921141%3F,1
290,https://5164101.fls.doubleclick.net/activityi%3Bsrc%3D5164101%3Btype%3Dacquis%3Bcat%3Daudib0%3Bu%3D0%3Bu3%3DANON%3Bu6%3Dacquisition%3Bu7%3D/scifi-fantasy/t1.htm%3Bu8%3DGDNGBBN083116005R%3Bu9%3Dfalse%3Bu10%3Dt1_landing_page%3Bu11%3D2017-08-24%252001:08:26%3Bprd%3Di1:0%257Cp1:0%257Cq1:1%3Bnum%3D1503536921812%3F,1
291,http://prism.pandora.tv/pandora_jp_mo/main/top320_50,1
292,https://www.rackroomshoes.com?utm_source,1
293,http://myreferencetools.com/accident-injury-lawyer/?affId,1
294,http://everydaytopics.com/articles/online-courses/earning-your-online-health-care-management-degree-1452?camp_id,1
295,http://pixel.netseer.com/dsatserving2/servlet/pixel?pxid,1
296,"http%3A%2F%2Feverydaytopics.com%2Farticles%2Farticle%2Findex%2F40%3Farticleid%3D1452%26name%3Dearning-your-online-health-care-management-degree""},""_category_"":""tfw_client_event"",""triggered_on"":1503499959573,""dnt"":false,""client_version"":""e74cac1:1502864578505"",""format_version"":1,""event_namespace"":{""client"":""tfw"",""page"":""button"",""section"":""share"",""action"":""impression""}}",1
297,https://www.searsoutlet.com/,1
298,https://style.fabletics.com/dms16139/?bp,1
299,moneywise411.com/man-who-predicted-trump-victory-makes-next-prediction-gdn/?gclid,1
300,https://www.andromo.com/profiles/popoindia,1
301,line://ch/1359301715/?adId,1
302,http://industryessentials.parsons.edu/?utm_source,1
303,http%3A%2F%2Findustryessentials.parsons.edu%2F%3Futm_source%3Dadwords%26utm_medium%3Dadwords%26utm_content%3Dbest%2520fashion%2520design%2520schools%26utm_campaign%3Dgdnaudience%26gclid%3DCL_htuza69UCFRmBswodtdUC4A,1
304,https://www.mazdausa.com/shopping-tools/build-and-price/cx-5?campId,1
305,https://5164101.fls.doubleclick.net/activityi%3Bsrc%3D5164101%3Btype%3Dacquis%3Bcat%3Daudib0%3Bu%3D0%3Bu3%3DANON%3Bu6%3Dacquisition%3Bu7%3D/freetrialmr3/t1.htm%3Bu8%3DGDNGBBN083116005X%3Bu9%3Dfalse%3Bu10%3Dt1_landing_page%3Bu11%3D2017-08-23%252002:01:25%3Bprd%3Di1:0%257Cp1:0%257Cq1:1%3Bnum%3D1503453712433%3F,1
306,http://trafficsteer.afftrack.com/click?aid,1
307,https://api.applike-services.info/campaign/mcoins/21c1b34546eb4e9e95cf433dda973e9a?mobileId,1
308,http://c.snnd.co/api/v4/click?campaign_id,1
309,http://click.gowadogo.com/click?transaction_id,1
310,https://app.appsflyer.com/com.playtika.caesarscasino?pid,1
311,http://ads.glispa.com/sw/259956/CD50384/1027eed4cd203b0df9a72519ada07e,1
312,https%3A%2F%2Fwww.mormon.org%2Fbeliefs%2Fthe-family%3Fcid%3D77108284%26gclid%3DCKu7l9zc69UCFdOFswodr1sGjg,1
313,https%3A%2F%2Fwww.mormon.org%2Fbeliefs%2Fthe-family%3Fcid%3D77108284%26gclid%3DCN7i9OPc69UCFZuKswodZyEI2w,1
314,https://ad.doubleclick.net/ddm/adi/N4478.2158306VIVAKIAODBRIGTHROLL/B20085687.201745673;dc_ver,1
315,http://istube.net/url.php/appcenter/5,1
316,http://1481.worldofmusic.mobi/,1
317,http://1481.worldofmusic.mobi/sean_paul/,1
318,https://www.overstock.com/Home-Garden/Coffee-Sofa-End-Tables/2030/subcat.html?featuredproduct,1
319,https://akiba-souken.com/article/31161/,1
320,http://news.nicovideo.jp/watch/nw2937385,1
321,http://www.excite.co.jp/News/product/20170824/Cobs_1662829.html,1
322,http://a.excite.co.jp/News/product/20170824/sum_Cobs_1662829.html,1
323,http://ads.nicovideo.jp/bannertext?bannerid,1
324,https://sourceforge.net/projects/arduinocnccontroller/files/Help_and_documentation.pdf/download,1
325,http://www.marathishaadi.com/registration/user?regmode,1
326,http%3A%2F%2Fwww.marathishaadi.com%2Fregistration%2Fuser%3Fregmode%3Dapp%26os%3Dnative-android%26deviceid%3D359125050087305%26appver%3D4.7.8%26manufacturer%3DLGE%26model%3DNexus%25205,1
327,https://www.lyft.com/drive-with-lyft/v/uber_3?loc_physical_ms,1
328,www.wealthyretirement.com/research/6-preferred-stocks-to-buy/?code,1
329,strategictechinvestor.com/acq/ether/cryptocurrency-boom-lifetime-opportunity/?src,1
330,https://www.amctheatres.com/movies/valley-of-bones-54328,1
331,http://www.achievementcharter.com/how-to-enroll?gclid,1
332,http://www.cutleryandmore.com/?cam,1
333,http://www.achievementcharter.com/how-to-enroll%3Fgclid%3DCNSDy4Gn-9UCFQmBswod8EQLcA,1
334,http%3A%2F%2Fwww.cutleryandmore.com%2F%3Fcam%3DSAVE20%26gclid%3DCLPq3sun-9UCFciIswodJncIxA,1
335,http%3A%2F%2Fwww.cutleryandmore.com%2F%3Fcam%3DSAVE20%26gclid%3DCLOLi9Kn-9UCFc6Pswodl5QDXA,1
336,https://grow-a-generation.myshopify.com/collections/g-mites-stem-camps,1
337,https://www.yourcareeverywhere.com/content/medhost/your-care-everywhere/article/krames/en/article/health-research/health-insights/cancer-care-insights/non-hodgkins-lymphoma/non-hodgkin-lymphoma-introduction.html?utm_source,1
338,https://www.credible.com/student-loans?utm_source,1
339,https://click.apprevolve.com/static/f5f464ea2b5240809cf2f4b739cca26d/104427/5577359/0c21bfedcf411b97?timestamp,1
340,https://mobile.nytimes.com/,1
341,http://applicationgallery.biz/reader_app/matome/index.html,1
342,http://seg.sharethis.com/getSegment.php?purl,1
343,https%3A%2F%2Fqlinkwireless.com%2Fregister%2F%3FB%3D18%26A%3D18%26SubAffiliateID%3D147532095%26kw%3Dfree%2Bphone%26mt%3D%26ca%3D147532095%26ag%3D21971105175%26ad%3D210005105653%26de%3Dm%26dm%3Dgoogle%252bnexus%252b5%26po%3Dnone%26lo%3D9005925%26lp%3Dhttp%253a%252f%252fwww.qlinkwireless.com%252fregister%26gclid%3DCN7xuMiY_tUCFcmIswod0j4DAQ,1
344,https%3A%2F%2Fqlinkwireless.com%2Fregister%2F%3FB%3D18%26A%3D18%26SubAffiliateID%3D147532095%26kw%3Dfree%2Bphone%26mt%3D%26ca%3D147532095%26ag%3D21971105175%26ad%3D210005105653%26de%3Dm%26dm%3Dgoogle%252bnexus%252b5%26po%3Dnone%26lo%3D9005925%26lp%3Dhttp%253a%252f%252fwww.qlinkwireless.com%252fregister%26gclid%3DCMDY88OY_tUCFdqLswody0MBbA,1
345,https%3A%2F%2Fqlinkwireless.com%2Fregister%2F%3FB%3D18%26A%3D18%26SubAffiliateID%3D147532095%26kw%3Dfree%2Bphone%26mt%3D%26ca%3D147532095%26ag%3D21971105175%26ad%3D210005105653%26de%3Dm%26dm%3Dgoogle%252bnexus%252b5%26po%3Dnone%26lo%3D9005925%26lp%3Dhttp%253a%252f%252fwww.qlinkwireless.com%252fregister%26gclid%3DCIGW9daY_tUCFdyKswodFsEDkg,1
346,http://www.laurelhighlands.org/things-to-do/history-heritage/flight-93-memorial/?utm_source,1
347,http://laurelhighlands.org/things-to-do/history-heritage/flight-93-memorial/,1
348,http://media.hotnews.ro/media_server1/image-2017-08-30-21977206-48-romanii-cumparaturi.jpg,1
349,http://media.hotnews.ro/media_server1/image-2016-11-16-21419308-47-dolarul-isi-revine-pietele-financiare.jpg,1
350,http://media.hotnews.ro/media_server1/image-2017-08-29-21976413-47-afaceri-internet.jpg,1
351,http://media.hotnews.ro/media_server1/image-2017-08-29-21976694-47-logo-burger-king.jpg,1
352,http://media.hotnews.ro/media_server1/image-2017-08-30-21977031-47-dacia-duster.jpg,1
353,http://mobile.hotnews.ro/stire/21977210,1
354,https%3A%2F%2Fwww.autodesk.com%2Fproducts%2Ffusion-360%2Fstudents-teachers-educators%3Ftd%3Daexfusion%26mktvar002%3D680279%26utm_medium%3Dbanner%26utm_campaign%3Damer-edu-aex-fusion-360-activations-fy17%26utm_id%3D680279%26dclid%3DCJXAzqTQ_tUCFW-2swod1fcKUA,1
355,https%3A%2F%2Fwww.autodesk.com%2Fproducts%2Ffusion-360%2Fstudents-teachers-educators%3Ftd%3Daexfusion%26mktvar002%3D680279%26utm_medium%3Dbanner%26utm_campaign%3Damer-edu-aex-fusion-360-activations-fy17%26utm_id%3D680279%26dclid%3DCJOn7avQ_tUCFSK4swodk-QMSA,1
356,https://clk.taptica.com/aff_c?ver,1
357,http://trk.glispa.com/c/AHu_rP4NRJxdfJXJRU4zbaakkA-MxK14od1j0V6ZR7k/CF?m.gaid,1
358,https://online.telenorbanka.rs/Info/Faq?Language,1
359,http://trk.glispa.com/c/AH2_zv4rRO9drZUmRUMzGaaDkDOMoK3QoRJjO15sRxA/CF?m.gaid,1
360,https://www.siemens.com/us/en/home/company/topic-areas/ingenuity-for-life.html?stc,1
361,https://edge.api.brightcove.com/playback/v1/accounts/1813624294001/videos/5317148220001,1
362,https://edge.api.brightcove.com/playback/v1/accounts/1813624294001/videos/5317140460001,1
363,https://edge.api.brightcove.com/playback/v1/accounts/1813624294001/videos/5317148187001,1
364,https://edge.api.brightcove.com/playback/v1/accounts/1813624294001/videos/5317128804001,1
365,https://edge.api.brightcove.com/playback/v1/accounts/1813624294001/videos/5317153931001,1
366,https://edge.api.brightcove.com/playback/v1/accounts/1813624294001/videos/5317140458001,1
367,https://edge.api.brightcove.com/playback/v1/accounts/1813624294001/videos/5317143934001,1
368,https://edge.api.brightcove.com/playback/v1/accounts/1813624294001/videos/5317138526001,1
369,https://store.line.me/stickershop/product/1003969/en,1
370,https://help.yahoo.com/kb/search-for-desktop/SLN2211.html?impressions,1
371,http://www.bwen.com/careers/default.aspx?utm_source,1
372,m.timemecca.co.kr/?DMCOL,1
373,https://sendgrid.com/marketing/email-marketing/?cvosrc,1
374,http://www.taiwanoil.org/,1
375,http://www.aiuonline.edu/aiu/american-intercontinental/home-tcpa1-longdis-des2-amanda-dp?tfn,1
376,https://offers.automic.com/preview-the-possible-lab-moali?utm_campaign,1
377,jabjewelry.com/custom-designs-c10g1?gclid,1
378,https://www.fandango.com/valley-of-bones-204590/movie-times,1
379,https://www.spectrumchemical.com/OA_HTML/1000-USP-Chemicals.jsp?minisite,1
380,http://mobile.trcking.online/?utm_medium,1
381,https://paidpost.nytimes.com/norton-core/rethinking-routers-how-to-secure-your-growing-home-network.html,1
382,m.interior.hanssem.com/product_wedding/product_wedding_index_new.do,1
383,https://plus.google.com/105979305114323717497,1
384,https%3A%2F%2Fplus.google.com%2F105979305114323717497,1
385,http://www.433175.ru/index.php?newsid,1
386,http://blackfridaypro.net/browse/?keyword,1
387,http://www.laurelhighlands.org/things-to-do/wineries-distilleries/?utm_source,1
388,http://laurelhighlands.org/things-to-do/wineries-distilleries/,1
389,https://buffer-media-uploads.s3.amazonaws.com/59a6c8a9739b8b061f2a9b5e/5807dd602664a565fe53cf2d203674b388d7b2d1_48c317bab0e6edd71e3be2ec98dd4ddc5a0c9a81_facebook,1
390,http://www.abitarearoma.net/27-agosto-1953-roma-accaddeoggi-esce-film-vacanze-romane/,1
391,https%3A%2F%2Fwww.tones7.com%2F%3Fgclid%3DCOipy9bzgdYCFZe4wAodW7MBhg,1
392,https%3A%2F%2Fwww.tones7.com%2F%3Fgclid%3DCIOznObzgdYCFQqLaQod-k4JMA,1
393,https://googleads.g.doubleclick.net/,1
394,http://healthliving.today/healthy-living/drinking-problem/,1
395,http://www.rogers.com/business/on/en/smallbusiness/support/faqs/SmartBusinessMonitoring/,1
396,http://www.rogers.com/web/content/support-terms,1
397,http://www.rogers.com/web/content/Privacy-CRTC,1
398,https://www.marchex.com/,1
399,http://beacon-nf.rubiconproject.com/beacon/rs/3da861c5-f05d-4524-a9de-a942aa2c432f/0/anfqv-PCCBQWyXGvGljECkmhrks/?url,1
400,http://www.upmraflatac.com/na/en/solutions-and-services/product-ranges/film-labeling-solutions/conformable-film-labels/Pages/Raflex-MDO-lp.aspx?gclid,1
401,http://m.brgm.fr/?themekey_redirect,1
402,http://play.google.com/store/apps/details%3Fid%3Dcom.gau.go.launcherex,1
403,http://thinkaboutyoureyes.com/locator/?utm_source,1
404,http://thinkaboutyoureyes.com/locator/%3Futm_source%3DGOOGLE%26utm_medium%3Ddisplay%26utm_term%3D151202696_91717869,1
405,http://2069924.fls.doubleclick.net/activityi%3Bsrc%3D2069924%3Btype%3Dtaye2888%3Bcat%3Decplo197%3Bord%3D2069888792232%3B~oref%3Dhttp%253A%252F%252Fthinkaboutyoureyes.com%252Flocator%252F%253Futm_source%253DGOOGLE%2526utm_medium%253Ddisplay%2526utm_term%253D151202696_91717869%3F,1
406,http://2069924.fls.doubleclick.net/activityi%3Bsrc%3D2069924%3Btype%3Dtaye2888%3Bcat%3Decplo197%3Bord%3D1061460477833%3B~oref%3Dhttp%253A%252F%252Fthinkaboutyoureyes.com%252Flocator%252F%253Futm_source%253DGOOGLE%2526utm_medium%253Ddisplay%2526utm_term%253D151202696_91717869%3F,1
407,https://www.genesis.com/us/ko/sedan/g80-sport.html?cmpid,1
408,https://www.yidio.com/movies?utm_source,1
409,https://www.shutterfly.com/visacheckout/?esch,1
410,https://www.andromo.com/profiles/oualidmaliki,1
411,http://www.laurelhighlands.org/things-to-do/events/fall-festivals/?utm_source,1
412,http://laurelhighlands.org/things-to-do/events/fall-festivals/?atst,1
413,http://www.laurelhighlands.org/things-to-do/family-fun/halloween/?utm_source,1
414,http://laurelhighlands.org/things-to-do/family-fun/halloween/,1
415,http://punemirror.indiatimes.com/pune/civic/heritage-push-for-smart-city-cuts-no-ice-with-activists/articleshow/60329891.cms,1
416,https://edge.api.brightcove.com/playback/v1/accounts/710874284001/videos/5531265897001,1
417,https://edge.api.brightcove.com/playback/v1/accounts/710874284001/videos/5531485939001,1
418,https://edge.api.brightcove.com/playback/v1/accounts/710874284001/videos/5534963306001,1
419,https://edge.api.brightcove.com/playback/v1/accounts/710874284001/videos/5522991804001,1
420,https://edge.api.brightcove.com/playback/v1/accounts/710874284001/videos/5534967555001,1
421,https%3A%2F%2Fm.yellowpages.com%2Fnationwide%2Fmip%2Fd-462836347%3Fsem%3Dtas%253Dgoogle%2526headingcode%253D8009500%2526utm_type%253Dd%2526utm_medium%253Dm%2526utm_account%253DTowing%2BGDN%2BMIP%2526utm_campaign%253D243846344-Duchniks%2BAuto%2BService%2BCenter%2BInc%2526utm_adgroup%253D%2BTowing%2BCompany%2526utm_kw%253DYP_462836347%2526utm_matchtype%253Dbroad%2Bmatch%2526ad_level%253Dhigh%26jt%3D1%26jap%3Dnone%26js%3D1%26jsid%3D44344%26jcpid%3D8a8ae4cd598fb58c01599b1fda5d1a6d%26jtid%3Dgcp%3Ase_44344%3Asfpl_%3At_kwd-0%3Aag_39138431220%3Acp_736685475%3An_d%3Ad_m%3Acr_190985528314%3Afi_%26gclid%3DCNqYltCJhtYCFd6Cswod3IoNHg,1
422,http://m.shop.nordstrom.com/c/mens-shoes/timberland~723,1
423,https://www.rxbar.com/rxbarnew/1102?utm_source,1
424,https://www.lyft.com/drive-with-lyft?opt,1
425,http://dailypost.ng/,1
426,https%3A%2F%2Fwww.tones7.com%2F%3Fgclid%3DCJ27ibiFj9YCFV5YDQodUaMMPQ,1
427,https%3A%2F%2Fwww.autodesk.com%2Fproducts%2Ffusion-360%2Fstudents-teachers-educators%3Ftd%3Daexfusion%26mktvar002%3D680279%26utm_medium%3Dbanner%26utm_campaign%3Damer-edu-aex-fusion-360-activations-fy17%26utm_id%3D680279%26dclid%3DCKrBr-OHj9YCFaqhswod_4oBHg,1
428,https://www.universalclass.com/i/course/esl-grammar-skill-course-bundle.htm?gclid,1
429,https://www.universalclass.com/i/course/esl-grammar-skill-course-bundle.htm%3Fgclid%3DCMXR4IaZj9YCFdONswod_04GlA,1
430,https://www.universalclass.com/i/course/esl-grammar-skill-course-bundle.htm%3Fgclid%3DCIndpJGZj9YCFdZLDQodLcMCHg,1
431,http://tonetweet.com/?gclid,1
432,http://myreferencetools.com/find-best-online-college/?affid,1
433,http://www.achievementcharter.com/how-to-enroll%3Fgclid%3D*,1
434,https://forcemanager.net/landings/demo/v2/en/?channel,1
435,https%3A%2F%2Fforcemanager.net%2Flandings%2Fdemo%2Fv2%2Fen%2F%3Fchannel%3Dggl%26source%3Dgaeng%26campaign%3DDemo_EN%26gclid%3DCJXr5NPgj9YCFZhKDQodHi8N-Q,1
436,https://5164101.fls.doubleclick.net/activityi%3Bsrc%3D5164101%3Btype%3Dacquis%3Bcat%3Daudib0%3Bu%3D0%3Bu3%3DANON%3Bu6%3Dacquisition%3Bu7%3D/scifi-fantasy/t1.htm%3Bu8%3DGDNGBBN083116005R%3Bu9%3Dfalse%3Bu10%3Dt1_landing_page%3Bu11%3D2017-09-06%252005:01:49%3Bprd%3Di1:0%257Cp1:0%257Cq1:1%3Bnum%3D1504674128949%3F,1
437,https://i.ytimg.com/vi/SzCaqcAkh_s/hqdefault.jpg,1
438,http://www.performbetter.com/webapp/wcs/stores/servlet/Category3_10151_10752_2000510_-1_Y_image_0?gclid,1
439,http://www.1967.com/top-10-upcoming-games-of-2017-2/,1
440,http://www.legco.gov.hk/yr16-17/english/bc/bc06/agenda/bc0620170906.htm,1
441,http://www.onlinegratis.tv/,1
442,http://www.kkbox.com/tw/tc/album/ncnWhZQwCUET1n0FInrQ0091-index.html,1
443,https://plus.google.com/100277295501243520495,1
444,http://weakapp0320.blogspot.tw/p/faq.html?m,1
445,https%3A%2F%2Fplus.google.com%2F100277295501243520495,1
446,http://sakinadam.com/,1
447,https://82700.measurementapi.com/serve?action,1
448,https://185931.measurementapi.com/serve?action,1
449,https://www.mydegree.com/funnel/lp/20?subid1,1
450,http://www.dailymotion.com,1
451,dailymotion.com,1
452,http://myreferencetools.com/masters-degree-early-childhood-education/?affid,1
453,http://www.laurelhighlands.org/things-to-do/our-seasons/fall/?utm_source,1
454,http://www.laurelhighlands.org/outdoors/biking-hiking/?utm_source,1
455,http://laurelhighlands.org/outdoors/biking-hiking/?atst,1
456,http://laurelhighlands.org/things-to-do/our-seasons/fall/,1
457,https://upload.wikimedia.org/wikipedia/commons/0/00/Makkahi_mukarramah.jpg,1
458,http://historyisfun1111.blogspot.com/?m,1
459,http://www.asknow.com/cdn/horoscope-fairy%3Fgclid%3DCMjqnbqpgtYCFVS5wAodq4QBtA,1
460,http://www.asknow.com/cdn/stars-to-blame-afq%3Fgclid%3DCJrG7N2pgtYCFZC2wAodA8kNlg,1
461,http://www.asknow.com/cdn/stars-to-blame-afq?gclid,1
462,http://www.asknow.com/cdn/horoscope-fairy?gclid,1
463,http://www.asknow.com/cdn/red-gypsy-v1%3Fgclid%3DCOfU2pTGgtYCFcWPswodOjUDIw,1
464,http://www.asknow.com/cdn/red-gypsy-v1?gclid,1
465,http://www.1967.com/top-ten-smartwatch-2017/?utm_source,1
466,http://www.1967.com/?utm_source,1
467,http://www.asknow.com/cdn/horoscope-fairy%3Fgclid%3DCLCv-vCghdYCFRmBswodoFgGZQ,1
468,http://www.asknow.com/cdn/horoscope-fairy%3Fgclid%3DCIeriOighdYCFdyNswodLiIJcw,1
469,http://www.asknow.com/cdn/horoscope-fairy%3Fgclid%3DCMblh-yghdYCFdGLswodsY0LVQ,1
470,https://www.universalclass.com/i/crn/33792.htm?gclid,1
471,https://www.universalclass.com/i/crn/33792.htm%3Fgclid%3DCLf6-MrHhdYCFciPswodZZQG5A,1
472,http%3A%2F%2Fwww.bbc.com%2Fnews%2Fuk-41127734,1
473,http://laurelhighlands.org/things-to-do/events/farmers-markets/?atst,1
474,https://www.niagarafallsmarriott.com/?utm_source,1
475,https%3A%2F%2Fwww.niagarafallsmarriott.com%2F%3Futm_source%3Dgoogle-adwords%26utm_medium%3Dbanner%26utm_content%3Dbanner-neusa%26utm_campaign%3Dgoogle-adwords-NEUSA-branded%26gclid%3DCITlu5XthdYCFdGKswodVwgCtA,1
476,https://www.yourcareeverywhere.com/content/medhost/your-care-everywhere/article/krames/en/article/health-research/health-insights/brain-and-nerve-care-insights/parkinsons/parkinsons-disease-coping-with-your-emotions.html?utm_source,1
477,https://www.yourcareeverywhere.com/content/medhost/your-care-everywhere/article/krames/en/article/health-research/health-insights/brain-and-nerve-care-insights/parkinsons/parkinsons-disease-coping-with-your-emotions.html?,1
478,http://healthliving.today/healthy-living/are-energy-drinks-really-bad-for-you/?utm_subsource,1
479,http://healthliving.today/healthy-living/are-energy-drinks-really-bad-for-you/,1
480,https://giphy.com/?gclid,1
481,https://giphy.com/%3Fgclid%3DCL3e67KehtYCFdeKswodrVAGXA,1
482,http://www.tuelskincare.com/moisture-plus?gclid,1
483,http://androidrop.com/how-to-set-live-wallpaper.aspx,1
484,http://artewebindalica.com/,1
485,http://artewebindalica.com/publi/linterna.php,1
486,http://rocketboostapp.com/privacy.html,1
487,http://ads.appsgeyser.com/?widgetid,1
488,http://google.com/m?q,1
489,http://www.apache.org/licenses/LICENSE-2.0,1
490,http://projetoredacao.com.br/planos,1
491,http://imobaio.com/newsreader?ref,1
492,http://egoparahombres.com.mx/,1
493,http://www.radiodifusao.net/,1
494,http://www.eldorado790.com.br/,1
495,http://www.globe-services.com/,1
496,http://applift-a.apptornado.com/offerwall/?data,1
497,http://www.sportendurance-evo.com/get-the-magazine/,1
498,http://kpug1170.com/,1
499,https://www.experian.com/lp/identity-int-1.html?pc,1
500,https://www.mormon.org/beliefs/book-of-mormon%3Fcid%3D77111081,1
501,https://www.mormon.org/beliefs/book-of-mormon%3Fcid%3D77111039,1
502,http://www.shoppingsherlock.com/login.html,1
503,http://everydaytopics.com/articles/personal-finance/how-should-i-invest-for-retirement-1440?camp_id,1
504,https://vungle.com/privacy/,1
505,https://madeby.google.com/home/%3Fdclid%3DCJWTr6nfldYCFYW8swodj_UE1Q,1
506,https://madeby.google.com/home/%3Fdclid%3DCO7h8azfldYCFcixswodiw0PAQ,1
507,https://madeby.google.com/home/dr/a/%3Futm_source%3Dads-en-ha-na-admob%26utm_medium%3Dcpc%26utm_campaign%3Dgooglehome%26utm_content%3Dnew-dr%26dclid%3DCPHrnr7fldYCFYe7swodLWYHxA,1
508,https://madeby.google.com/home/dr/a/%3Futm_source%3Dads-en-ha-na-admob%26utm_medium%3Dcpc%26utm_campaign%3Dgooglehome%26utm_content%3Dnew-dr%26dclid%3DCJ2C2MLfldYCFcejswodLmoE6Q,1
509,https://www.chilis.com/locations?utm_source,1
510,http://ourhealthdepot.com/skin-care-essential-products/?affid,1
511,https%3A%2F%2Fbuy.wsj.com%2Fuswsjstudent17%2F%3FtrackingCode%3Daaqp25m9%26cid%3DWSJ_SM_FB_ACQ_NA%26Paid%26nan_pid%3D1861759923%26ad_id%3D6915391,1
512,http://www.topplaces2see.com/,1
513,http://www.topplaces2see.com/place/Hawaii,1
514,http://blackfridaypro.net/services/?keyword,1
515,https://www.experian.com/lp/compare-to-lifelock.html?pc,1
516,https://peacewithgod.net/mobile/?utm_source,1
517,https://www.chairish.com/?utm_source,1
518,https://www.chairish.com/?kenid,1
519,http://muz.uz/,1
520,https://play.google.com/store/apps/details%3Fid%3Dcom.panda.clean.security,1
521,https://lp.billygraham.org/praying-irma/?utm_source,1
522,http://www.gazetadopovo.com.br/viver-bem/wp-content/uploads/2017/09/ipa-cerveja-seios-homens-e1505169270375.jpg,1
523,http://www.gazetadopovo.com.br/viver-bem/wp-content/uploads/2017/08/gatos.jpg,1
524,http://www.gazetadopovo.com.br/viver-bem/wp-content/uploads/2017/09/noiga-acessorios-impressao-3d-curitiba-1.jpg,1
525,http://www.gazetadopovo.com.br/viver-bem/wp-content/uploads/2016/06/Avi√£o.jpg,1
526,http://www.gazetadopovo.com.br/viver-bem/,1
527,http://www1.macys.com/shop/makeup-and-perfume/makeup?id,1
528,https%3A%2F%2Fm.yellowpages.com%2Fnationwide%2Fmip%2Fd-462836347%3Fsem%3Dtas%253Dgoogle%2526headingcode%253D8009500%2526utm_type%253Dd%2526utm_medium%253Dm%2526utm_account%253DTowing%2BGDN%2BMIP%2526utm_campaign%253D243846344-Duchniks%2BAuto%2BService%2BCenter%2BInc%2526utm_adgroup%253D%2BFlatbed%2BTow%2526utm_kw%253DYP_462836347%2526utm_matchtype%253Dbroad%2Bmatch%2526ad_level%253Dhigh%26jt%3D1%26jap%3Dnone%26js%3D1%26jsid%3D44344%26jcpid%3D8a8ae4cd598fb58c01599b1fda5d1a6d%26jtid%3Dgcp%3Ase_44344%3Asfpl_%3At_kwd-0%3Aag_39138431980%3Acp_736685475%3An_d%3Ad_m%3Acr_190985541355%3Afi_%26gclid%3DCKOnu-fmn9YCFZ6LswodX5INnA,1
529,https://m.yellowpages.com/nationwide/mip/d-462836347?sem,1
530,https://www.universalclass.com/i/course/esl-grammar-skill-course-bundle.htm%3Fgclid%3D*,1
531,http://myreferencetools.com/debt-consolidation-reduce-bills/?affId,1
532,//beacon.krxd.net/ad_impression.gif,1
533,http://www.acourseinwinning.com/,1
534,http://www.realisticdropcard.com/?o,1
535,materialstestinglab.com/,1
536,http://amaroohills.com/,1
537,materialstestinglab.com,1
538,http://www.hobbylobby.com/,1
539,https://txt-c.tlnk.io/serve?action,1
540,cafewhaweddings.com/,1
541,cafewhaweddings.com,1
542,http://www.leatherunltd.com/%3Fgclid%3D*,1
543,https://madeby.google.com/home/?dclid,1
544,https://m.toysrus.com/brsearch-t2#brm-search?facet.range,1
545,http://4480452.fls.doubleclick.net/activityi;src,1
546,http://pages.solarwindsmsp.com/offer-better-rmm-bigger-clients-sw-msp-ncentral.html?utm_source,1
547,http://www.bestline.com/?gclid,1
548,http://lh3.googleusercontent.com/Sh0f0E6_cybFURex9lkhxDxaUhP8zhQ5tn6CwxjpLLxqOJ_T1zD7HlRpGZZ2gAWyR78,1
549,http://lh5.ggpht.com/0VYAvZLR9YhosF-thqm8xl8EWsCfrEY_uk2og2f59K8IOx5TfPsXjFVwxaHVnUbuEjc,1
550,https://unsplash.com/search/photos/bike,1
551,http://onlinehelp.smarttech.com/english/android/help/kapp/2_2/Content/Home_Help.htm,1
552,https://www.pearson.com/us/0/multi-product-fall-2017/mylab-math.html?utm_source,1
553,https://app.adjust.com/m6icbl_zapxsl?campaign,1
554,https://ad.doubleclick.net/ddm/clk/401333272%3B201300239%3Bg?https://338695.measurementapi.com/serve?action,1
555,https://www.ancestry.com/dna/?s_kwcid,1
556,http://rtbcc.fyber.com/img/trpx.gif,1
557,http://free-profile-pics.com/stickers.html,1
558,http://www.kannadaprabha.com/top-news/three-babies-die-in-kolar-hospital/300705.html,1
559,https://www.utsource.net/ic-datasheet/SI-1125H-1167739.html,1
560,https://www.vtsmts.com/wp-content/uploads/2016/12/watermans-festival-header.jpg,1
561,http://www.manorhigh.leics.sch.uk/,1
562,m.nain.co.kr/board/index.php?db,1
563,https://classpass.com/try/pittsburgh?utm_source,1
564,https%3A%2F%2Fclasspass.com%2Ftry%2Fpittsburgh%3Futm_source%3Dgoogle%26utm_medium%3Ddisplay%26utm_campaign%3Dexpansion%26utm_content%3D12254%26gclid%3DCPfJjNezw9YCFZKMaQod-uEAZg,1
565,http://l-shooq.net/,1
566,http://landing.switchvideo.com/explainer-video/?ads_cmpid,1
567,https://www.edmunds.com/toyota/prius/2017/?utm_medium,1
568,https://www.keyideasinfotech.com/,1
569,http://everydaytopics.com/articles/wellness/what-are-allergy-shots-5875?camp_id,1
570,http://www.juniata.edu/admission/campus-visit/index.php,1
571,https://www.mormon.org/beliefs/teachings-of-jesus-christ?cid,1
572,https://www.andromo.com/profiles/uttam10,1
573,http://everydaytopics.com/articles/financing/5-tips-to-successful-title-loans-2127?camp_id,1
574,https://secure.universalclass.com/payment_uc/2014/pricingplan.htm?DateBM,1
575,http://www.progmatique.fr/?utm_source,1
576,http://www.freenflpicks.net/?gclid,1
577,http://www.religioninsights.org/?gclid,1
578,http://clk.myiads.com/click?a,1
579,https://www.andromo.com/profiles/highsoft,1
580,https://ra.newlifeoutlook.com/food-rheumatoid-arthritis/?utm_subsource,1
581,http://socialpick.net/5-things-you-didnt-know-about-cloud-computing/,1
582,https://www.lyft.com/drive-with-lyft/v/uber_1?loc_physical_ms,1
583,http://www.kodiconfig.com/contact/,1
584,http://makeapp4biz.com/guide/ielts-speaking-test/tips/04.html,1
585,http://www.act.org/mobileapps/privacy-photo.html,1
586,https://www.healio.com/hematology-oncology/news/online/%7B736BB36A-FC9B-43AB-9855-21A8F2155A1C%7D/What-are-cancer-symptoms?gclid,1
587,http://www.google.com/search?q,1
588,https://play.google.com/store/apps/details%3Fid%3Dcom.qisiemoji.inputmethod,1
589,http://boombeach.wikia.com/wiki/Grenadier,1
590,http://ibsliving.today/understanding-ibs/misconceptions-about-ibs/?utm_subsource,1
591,http://www.stockwatchreport.com/zkin-profile/?gclid,1
592,https://play.google.com/store/apps/details%3Fid%3Dcom.waze%26referrer%3Dutm_source%3Dgdn_ads%2526utm_medium%3Dus_en,1
593,http://nfc.dedb.eu/moscow/dev/?devlink,1
594,https://www.arrow.com/en/manufacturers/honeywell/sensors/board-mount-pressure-sensors?gclid,1
595,https://junggglex.go2affise.com/click?pid,1
596,http://sportsday.dallasnews.com/dallas-mavericks/mavericks/2017/04/09/mavericks-draft-watch-latest-lottery-standings-early-draft-entrants-breakdown-pg-frank-ntilikina,1
597,http://www.campaignlive.co.uk/article/review-recap-tripadvisor-big-lottery-fund-sunny/1430042,1
598,https://billmscurlrev.com/c/0e3d3438-e3bf-11e6-b975-06867f9fc2d7?vId,1
599,http://xperiathemes.com/,1
600,http://xperiathemes.com/icon-pack-glass-2/,1
601,https://tracking.feedmob.com/api/v1/vendor/click?FEEDMOB_CLICK_ID,1
602,http://update.googleapis.com/service/update2?cup2key,1
603,http://sdk-b.apptornado.com/api/pb?action,1
604,http://sdk.appbrain.com/api/pb?action,1
605,http://try.usconcealedcarry.net/get-your-concealed-carry-map-display-ck/?tID,1
606,http://www.openstreetmap.org/?mlat,1
607,http://www.gslovesme.com/ProductDetail.aspx?id,1
608,http://www.stockwatchreport.com/zkin-fact-sheet-100217/?gclid,1
609,https://app.adjust.com/n8szfd?campaign,1
610,http://www.massgeneral.org/about/campaign/patient-prog.aspx?utm_medium,1
611,http://phumkh.blogspot.com/?m,1
612,http://ourhealthdepot.com/diabetes-treatments/?affId,1
613,https://www.gearbest.com/men-s-wallets/pp_675133.html?currency,1
614,https://m.gearbest.com/men-s-wallets/pp_675128.html?currency,1
615,https://www.gearbest.com/men-s-wallets/pp_675128.html?currency,1
616,http://go.zodiac.com/zodiacademy?utm_source,1
617,http%3A%2F%2Fradiofunky.ro%2Fdedicatii-live%2F,1
618,http://sa.15000jobs.com/,1
619,http://www.classmates.com/reg/display?cp,1
620,https://duo.google.com/?dclid,1
621,https://tamaris.com/de-DE/marcel-ostertag-x-tamaris/,1
622,http://www.turkischegerichte.com/,1
623,http%3A%2F%2Fwww.turkischegerichte.com%2F,1
624,http://www.openstreetmap.org/#map,1
625,https://www.solinst.com/products/dataloggers-and-telemetry/3500-aquavent/datasheet.php?sc_cid,1
626,http://www.gadgetmatch.com/wp-content/uploads/2017/07/Apple-iPhone-8-render-featured-image.jpg,1
627,https://i.ytimg.com/vi/RP4abiHdQpc/hqdefault.jpg,1
628,http://myreferencetools.com/earning-health-care-management-degree/?affid,1
629,http://accelerated.gmercyu.edu/?channel,1
